#Objective1, #Objective2, #Objective3, #Objective4, #Objective5, #Variable1, #Variable2, #Variable3, #Variable4, #Variable5, #Variable6, #Variable7, #Variable8, #Variable9, #Variable10, #Variable11, #Variable12, #Variable13, #Variable14, #Variable15, #Variable16, #Variable17, #Variable18, #Variable19, #Variable20, #Variable21, #Variable22, #Variable23, #Variable24, #Variable25, #Variable26, #Variable27, #Variable28, #Variable29, #Variable30, #Variable31, #Variable32, #Constraint1, #Constraint2, #Constraint3, #Constraint4, #Constraint5, #Constraint6, #Constraint7, #Constraint8, #Constraint9, #Constraint10, #Constraint11, #Constraint12, #Constraint13, #Constraint14, #Constraint15, #Constraint16, #Constraint17, #Constraint18, #Constraint19, #Constraint20, #Constraint21, #Constraint22, #OverallConstraintViolation
0.366177,0.454402,0.373256,0.389271,0.010372,0.668043,0.763702,0.983651,0.001457,0.464165,0.855427,0.844993,0.433467,0.356102,0.930370,0.355008,0.763037,0.311729,0.545431,0.243407,0.373122,0.069651,0.236187,0.126394,0.772467,0.820122,0.388533,0.653637,0.121298,0.282422,0.911709,0.991428,0.947817,0.112874,0.498033,0.080811,0.094208,11.595191,11.951777,0.329146,0.218419,0.595970,0.628139,0.296818,0.322061,0.471374,0.557306,0.886639,0.271335,0.000254,31.865227,0.002182,0.000312,5.334739,0.002834,0.002863,0.000053,0.002796,13944107.195469,0.000000
